id,cdr3_heavy,cdr3_light
A003,CARGDYPAWGYYYYYMDVW,CQKYNSAPPTF
A010,CARMYGGYAAYYYYGMDVW,CQQYYSTPWTF
A021,CASSFNPVSGNWFDPW,CQSYDSSLSGSIF
A026,CARGQIVVVPAAIFHWFDPW,CNSRDISGNPVVF
A032,CARGPYYDSSGYHVNVDSW,CQKYNRYPWTF
A051,CAISPRGHSYGSLGVSFLFYW,CQHYGSSRSVTF
A052,CARVRGNDLWSGPFDYW,CQQYYSTPRTF
A065,CAKGARAVAGIFDYW,CQQYGSSPWTF
A083,CARDANNMDVW,CQVWDSGSDHPWMF
A088,CARMGGGEVDYW,CQVWDGSSDPWVF
A097,CARWANSSLDFYGMDVW,CQQYYTTPYTF
A117,CARGDIVVVPALSGFYYYMDVW,CNSRDSSGNHLGVF
A120,CAHGYCPLGFDPW,CQQYNNWPPLTF
A122,CARGKGGPAAIPVGNWFDPW,CCSYAGSSTYVVF
A124,CAREVCSSTTCYTIPVDNWFDPW,CLLYYGGARVF
A130,CARGRYYYDSSGLPGPQRAFDIW,CQQYDNLPPAF
A139,CARGSFYNSVLRSFDPW,CCSYAGSGTFVF
A157,CAREGAGHDYGGNPYDYW,CQQYGXXPYTF
A159,CARWAHDDEHFDYW,CAAWDDDLNGVVF
A164,CARVKAGDFYDILTGYYGTDYYYYMDVW,CNSRDSSGNHPVVF
A172,CAKDRYDFWSGYPNRSPFDYW,CQQYYXXLGTF
A176,CAREGEMATIRGFGAFDIW,CQQYGSSPRTF
A183,CARGPHSSAYYYFYW,CQQYGSSPYTF
A194,CAGVVEMATIGGVFSGMDVW,CQQYDNLPVTF
A198,CTRDYYDSSGPGSYYFDYW,CQQSYSTPLTF
A199,CAAGYDFWSGYYPW,CMQALQTPSTF
A201,CARDIVVGATTGFDYW,CNSRDNSGYRRMF
A204,CALDRDGMDVW,CQVWDSSSDHPWVF
A206,CARGDTAMADFDYW,CQTWGTGIVVF
A212,CARAPSESDYW,CQQYNNRLQWTF
A216,CAKARDAYNFGAFDIW,CQSYDISLSASVF
A225,CARGYGGRDYW,CQQYNSYPYTF
A226,CATSSSQYSSSCAYW,CQQYGSSPFTF
A230,CARQIVPPTKGMDVW,CQRYNSAPRTF
A241,CARGRTPSDYDTSGLNWFDPW,CQQYYSTPLTF
A243,CAKRGGDLW,CMQTTQFPYTF
A271,CAMITVAGSYW,CAAWDDSLSGHVF
B007,CARVGGSYYSDYW,CQVWDSSSDHPWVF
B008,CAAVGGTYYDFWSGLGPKYYYYGMDVW,CQVWDSSSAHWVF
B021,CARGLVLGCSSTSCLEYFDYW,CQQYYSTPLTF
C003,CARVSVERRRGSAFDVW,CQQSYTSPRTF
C011,CAREQKQWLASDAFDMW,CQTWNTGVVVF
CL006,CAKDRADLTYVFDVW,CQQYNNVPRTF
CL009,CARMRGRYNLDYW,CSSYAGNKILIF
CL010,CASGRKPDRNDPHNYYMHVW,CQQYEDFPRTF
