id,sequence
A026_HC,QVQLQQWGAGLLKPSETLSLTCAVYGESFSGYYWSWIRQPPGKGLEWIGEINHSGSTNYNPSLKSRVTISVDTSKNQFSLKLSSVTAADTAVYYCARGQIVVVPAAIFHWFDPWGQGTLVTVSS
A117_HC,QVQLQQWGAGLLKPSETLSLTCAVYGGSFSGYYWTWIRQPPGKGLEWIGEINHSGSSNYNPSLKSRVTISVDTSKNQFSLKLSSVTAADAAVYYCARGDIVVVPALSGFYYYMDVWGKGTTVTVSS
CL009_LC,QSALTQPPSASGSRGQSVTMSCTGTTSDVGGYDYVSWYQQYPGKAPKLMIYEVTKRPSGVPDRFSGSKSGNTASLTVSGLQADDEAAYYCSSYAGNKILIFGGGTTLTVL
A230_LC,DIQMTQSPSSLSASVGDRVTITCRASQGIANYLAWYQQTPGKVPKLLIYAASTLQSGVPSRFSGSGSGTDFILTISSLQPEDAATYYCQRYNSAPRTFGQGTKVEVK
A130_LC,DIQMTQSPSSLSASVGDRVTITCQASQDIANYLNWYQQTPGKAPKLLIYDASNLETGVPSRFSGSGSGTDFTFTISSLQPEDVATYYCQQYDNLPPAFGPGTKVDIK
B021_LC,DIVMTQSPDSLAVSLGERATINCKSSQSVLYSSNNKNYLAWYQQKPGQPPKLLIYWASTRESGVPDRFSGSGSGTDFTLTISSLQAEDVAVYYCQQYYSTPLTFGGGTKVEIK
A083_HC,EVQLVESGGGLVKPGGSLRLSCAASGFTFSTYNMNWVRQAPGKGLEWVSSISSSASYMCYADSVKGRFTISRDNAKNSLYLQMNSLRAEDTAVYYCARDANNMDVWGQGTTVTVSS
A097_HC,QVHLHQWGAGLLKPSETLSLTCAVYGGSFSGYYWTWIRQSPGKGLEWIGEINHSGSTNYNPSLRSRVSISVDTSKNQVSLKLTSLSAADTAVYYCARWANSSLDFYGMDVWGQGTTVNVSS
A204_HC,EVQLVESGGGLVKPGGSLRLSCAASGFTFSSYSMSWVRQAPGKGLEWVSSISSSSYIYYADSVKGRFTISRDNAKNSLYLQMNSLRAEDTAVYYCALDRDGMDVWGQGTTVTVSS
CL006_HC,QVQFEESGGGVVQPGESLRLSCVASGFTFSRSDMHWIRQTPGKGLEWMAVISHDENKKYYADSVKGRFIISRDNFENTLYLQMNWLKVDDNGVYYCAKDRADLTYVFDVWGRGTMVTVSS
B008_LC,SYVLTQPPSVSVAPGKTARITCGGNNIGSKSVHWYQQKPGQAPVLVIYYDSDRPSGIPERFSGSNSGNTATLTISRVEAGDEADYYCQVWDSSSAHWVFGGGTKLTVL
A139_HC,KVQLVQSGAEVRSPGASVKVSCKASGFTLINYNISWIRQTSGQGLEFMGWLNPHTGDSRSAQKFQGRVTLTRDSAVTTVYMELRNLRSDDTALYYCARGSFYNSVLRSFDPWGPGTLVTVSS
A120_HC,QVKLVESGGTVVQPGRSLRLSCAASGFDFNNNVIHWVRQAPGKGLEWLAVMSYDDNKKDYTDTVKGRFTISRDTSKNILFLEMSSLRPEDTGVYYCAHGYCPLGFDPWGQGTLVTVSSGLDVWGQGTTVTVSS
A032_LC,DIQMTQSPSTLSAFVGDRVTITCRASQSISSWLAWYQQKPGKAPNLLIYKASSLEDGVPSRFSDSGSGTEFTLTISSLQPDDVATYYCQKYNRYPWTFGQGTKVEIK
A088_HC,QVQLQESGPGLVKPSQTLSLTCTVSGGSISSGSYHWSWIRQPAGKGLEWIGRIYTSGSTNYNPSLKSRVTMSGDTSKNQFSLKLSSVTAADTAVYYCARMGGGEVDYWGQGTLVTVSS
A052_HC,QVHLQQWGAGLLKPSETLSLSCAVYGGSFSDYYWTWIRQPPGKGLEWIGEINHRGNINYNPSLKSRVTISVDTSKNQFSLKLSSVTAADTAVYYCARVRGNDLWSGPFDYWGQGTLVTVSS
A021_LC,QSVLTQPPSVSGAPGQRVTISCTGSSSNIGAGYDVHWYQQLPGTAPKLLIYGNSNRPSGVPDRFSGSKSGTSASLAITGLQAEDEADYYCQSYDSSLSGSIFGGGTKLTVL
B008_HC,QMQLVQSGPEVKKPGTSVKVSCKASGFTFTSSAMQWVRQARGQRLEWIGWIVVGSGNTNYAQKFQERVTITRDMSTSTAYMELSSLRSEDTAVYYCAAVGGTYYDFWSGLGPKYYYYGMDVWGQGTTVTVSS
A124_LC,QTVVTQEPSLTVSPGGTVTLTCASSTGAVTSGYYPNWFQQKPGQAPRALIYSTSNKHSWTPARFSGSLLGGKAALTLSGVQPEDEAEYYCLLYYGGARVFGGGTKLTVL
A212_LC,EMVMTQSPATLSVSPGERATLSCRASQSVSSNLAWYQQKPGQVPRLLIYGASTRATGIPARFSGSGSGTEFTLTISSLQSEDFAVYYCQQYNNRLQWTFGQGTKVEIK
CL006_LC,EIVLTQSPGTLSLFPGERATLSCRASQIIVTSLAWYQQRPGQAPKLLIFDTYFRATDISVRFSGRGSGTDFTLTIDSLHPEDFAVYFCQQYNNVPRTFGQGTKLEIK
A088_LC,SYVLTQPPSVSVAPGKTARITCGGNNIGSKSVHWYQQKPGQAPVLVIYYDSDRPSGIPERFSGSNSGNTATLTISRVEAGDEADYYCQVWDGSSDPWVFGGGTKLTVL
A065_HC,EVQLVESGGGLVQPGRSLRLSCAASGFTFDDYAMHWVRQAPGKGLEWVSGISWNSGSIGYADSVKGRFTISRDNAKNSLYLQMNSLRAEDTALYYCAKGARAVAGIFDYWGQGTLVTVSS
A241_HC,EVQLVESGGDLVQPGGSLRLSCAASGFTFSSSWMNWVRQVPGKGLVWVSRINADGSTTTYADSVKGRFTISRDNAKNMLYLQMNSLRAEDTAVYYCARGRTPSDYDTSGLNWFDPWGQGALVTVSS
A206_LC,QLVLTQSPSASASLGASVKLTCTLSSGHSSYAIAWHQQQPEKGPRYLMKLNSDGSHSKGDGIPDRFSGSSSGAERYLTISSLQSEDEADYYCQTWGTGIVVFGGGTKLTVL
A139_LC,LSALAQPRSVSGSPGQSVTISCTGSRNDIGSSNYISWYQLHPDKVPKLIIDDVAKRPSGVPNRFSGFQSGFTASLTISGLQAEDEGHYYCCSYAGSGTFVFGTGTEVSVL
A097_LC,DIVLTQSPDSLTVSLGERATINCKSSQNIFYSSNNKNYFAWYQQKPGQPPKMLIYWASTRESGVPDRFSGSGSGTDFTLTISNLQAEDVAVYYCQQYYTTPYTFGQGTKLEIK
A201_LC,SSELTQDPAVSVALGQTVRITCQGDSLRSYYASWYQQKPGQAPVLVIYGENRRPSGIPDRFSVSTSGDTASLTIIGAQAEDEADYYCNSRDNSGYRRMFGGGTKLTVL
A083_LC,SYVLTQPPSVSVAPGKTARITCGGNNIGSKSVHWYQQKPGQAPVLVIYYDSDRPSGIPERFSGSNSGNTATLTISRVEAGDEADYYCQVWDSGSDHPWMFGGGTKLTVL
CL010_LC,DIRLTQSPSTLSAFVGDRVKIACRANQSINMWLAWYQYKPGRAPKVLIFKASTLETGVPSRFSGSGSGTEFTLSISSLHPEDFATYYCQQYEDFPRTFGQGTKLEIK
A241_LC,DIVMTQSPDSLAVSLGERATINCKSSQSVLYSSNNKNYLAWYQQKPGQPPKLLIYWASTRESGVPDRFSGSGSGTDFTLTINSLQAEDVAVYYCQQYYSTPLTFGGGTKVEIK
A226_LC,EIVLTQSPGTLSLSPGERATLSCRASQSVSSSYLAWYQQEPGQAPRLLIYGASSRATGIPDRFSGSGSGTDFTLTISRLEPEDFAVYYCQQYGSSPFTFGPGTKVDIK
A032_HC,QVQLVQSGAEVKEPGASVKVSCKTSGYTFTSYDISWVRQAPGQGLEWMGWMNPSSQNTAYAQRFQGRVTLTRDTSISTAYMEVSSLISEDTAVYYCARGPYYDSSGYHVNVDSWGQGTLITVSS
A026_LC,SSELTQDPAVSVALGQTVRITCQGDSLRSYYASWYQQKPGQAPVLVIYGKNNRPSGIPDRFSGSSSGNTASLTITGAQAEDEADYYCNSRDISGNPVVFGGGTKLTVL
A010_HC,QVQLQESGPGLVKPSETLSLTCTVSGGSISSYYWSWIRQPAGKGLEWIGRIYTSGSTNYNPSLKSRVTMSVDTSKNQFSLKLSSVTAADTAVYYCARMYGGYAAYYYYGMDVWGQGTTVTVSS
A021_HC,QVQLQQWGAGLLKPSETLSLTCAVYGGSFSGYYWSWIRQPPGKGLEWIGEVNHSGSSNYNPSLKSRVTMSVDTSKNQFSLKLSSVTAADTAVYYCASSFNPVSGNWFDPWGQGTLVTVSS
C003_LC,DIQMTQSPSSLPASVGDRVTITCRASHNIATYLNWYQQKPGKAPKLLVFAAYSLQSGVPSRFSASGSGTDFTLTITDLQPEDFATYYCQQSYTSPRTFGQGTKLEIK
A176_HC,QVQLVHSGAEVKKPGSSVKVSCKASGGSFSRYAISWVRQAPGQGLEWMGGIIPMFGTAKYAQTFQGRVTITADIATSTAYMEVISLRSEDMAFYYCAREGEMATIRGFGAFDIWGQGTMVTVSS
A225_HC,QVQLQQWGAGLLKPSETLSLTCAVYGGSFSGYYWSWIRQPPGKGLEWIGEINHSGSTNYNPSLKSRVTISVDTSKNQFSLKLSSVTAADTAVYYCARGYGGRDYWGQGTLVTVSS
A226_HC,QVQLVQSGAEVMKPGASVKVSCKASGYTFTNYDIYWVRQATGQGLEWMGWMNPNSGNRGYAQKFQGRVTMTRDTSISTAYMELNSLRSEDTAVYYCATSSSQYSSSCAYWGQGTLVTVSS
A120_LC,EIVMTQSPATLSVSPGERATLSCRASQSVNSNLAWYQQKPGQAPRLLIYDVSTRATGIPARFSGSGSGTEFTLTISSLQSEDFAVYYCQQYNNWPPLTFGGGTKVEIK
A243_HC,EVQLLESGGNLIQPGGSLRLSCAATGFTFTTFGMSWVRQAPGKGLEWISSISGSGSTTNYADFVKGRFTISRDNSNNVLYLQMNNLRVEDTGVYYCAKRGGDLWGQGALVTVSA
A003_LC,DIQMTQSPSSLSASVGDRVTITCRASQGISNYLAWYQQKPGKVPKLLIYAASTLQSGVPSRFSGSGSGTDFTLTISSLQPEDVATYYCQKYNSAPPTFGPGTKVDIK
CL009_HC,EVQLVESGGGLVQPGGSLRLSCAASGFTFSGFWMTWGRQAPGKGLEWVANINQDESEKSYVDSVKGRFTISRDNTKNTLYLQMNNLEDDDTAVYYCARMRGRYNLDYWGQGTLVTVSS
A212_HC,QVQLVQSGAEVKQPGSSVKVSCKASGGTFNNYALMWVRQAPGQGLEWMGGIIPIFGTAKYLQKFQGRVTITADEFTSTVYMELSSLRSEDTAVYYCARAPSESDYWGQGSLVTVSS
A271_LC,QSVLTQPPSASGTPGQRVTISCSGGSSNIGSNYVYWYQQFPGTAPKLLIYKNSQRPSGVPDRFSGSKSGTSASLAISGLRSEDEADYYCAAWDDSLSGHVFGGGTKLTVL
A206_HC,QVQLVQSGAEVKKPGASVKVSCKASGYTFTGYYMHWVRQAPGQGLEWMGWINPNSGGTNYAQKFQGRVTMTRDTSISTAYMELSRLRSDDTAVYYCARGDTAMADFDYWGQGTLVTVSS
A159_LC,QSVLTQPPSASGTPGQRVTISCSGSSSNIGRKTVNWYQHLPGTAPKVLIYTNNQRPSGVPDRFSGSKSGSSASLAISGLQSEDEADYYCAAWDDDLNGVVFGGGTKLTVL
A243_LC,DIVMIQTPLSSLLTLGQPASISCRSSQTLVHSDGNTYLNWLQQKPGQPPRLLINKISNRFSGVPDRFNGSGAGTDFTLQISRVEAEDVGLYFCMQTTQFPYTFGQGTRLEIK
A204_LC,SYVLTQPPSVSVAPGKTARITCGEDNIGSKSVHWYQQKPGQAPVLVIYYDSDRPSGIPERFSGSNSGNTATLTISRVEAGDEADYYCQVWDSSSDHPWVFGGGTKLTVL
A216_LC,QSVLTQPPSVSGAPGQTVTISCTGSSSNIGADYGVHWYHQIPGTAPKLLIYGDVNRPSGVPDRFSGSKSGTSVSLTITGLQADDEADYYCQSYDISLSASVFGGGTKLTVL
A122_HC,QVQLVQSGAEVKKPGASVKVSCKASGYTFTSYAMHWVRQAPGQRLEWMGWINAGNGNTKYSQKFQGRVTITRDTSASTAYMELSSLRSEDTAVYYCARGKGGPAAIPVGNWFDPWGQGTLVTVSS
A003_HC,QVQLQQWGAGLLKPSETLSLTCAVYGGSFSGYYWSWIRQPPGKGLEWIGEINHSGSTNYNPSLKSRVTISIDTSKNQFSLKLSSVTAADTAVYYCARGDYPAWGYYYYYMDVWGKGTTVTVSS
A176_LC,ELVLTQSPGTLSLSPGERATLSCRASQSVSSNFLAWYQQKPGQAPRLLIYGTSSRATGIPDRFSGSGSGTDFTLTISRLEPEDFAVYYCQQYGSSPRTFGRGTKVEVK
A201_HC,EVQVVESGGGLVPPGGSLRLSCAASGFTLSSYWMSWVRQAPGKGLEWVAHIRKDGSEKYYVDSVKGRFSISRDNAKNSMYLQMNNLRTEDTAVYYCARDIVVGATTGFDYWGQGTLVTVSS
A122_LC,QSALTQPASVSGSPGQSITISCTGTSSDVGSYNLVSWYQQHPGKAPKLMIYEVSKRPSGVSNRFSGSKSGNTASLTISGLQAEDEADYYCCSYAGSSTYVVFGGGTKLTVL
A194_HC,QVQLVESGGGVVQPGRSLRLSCAASGFTFSSYAMHWVRQAPGKGLEWVAVISYDGSNKYYADSVKGRFTISRDNSKNTLYLQMNSLRAEDTAVYYCAGVVEMATIGGVFSGMDVWGQGTTVTVSS
A164_LC,SSELTQDPAVSVALGQTVRITCQGDSLRSYYASWYQQKPGQAPVLVIYGKNNRPSGIPDRFSGSSSGNTASLTITGAQAEDEADYYCNSRDSSGNHPVVFGGGTKLTVL
A230_HC,QVQLQQWGTGLLKPSETLSLTCAVYDGSFSGYYWTWIRQPPGKGLEWIGEIVHSGSTNYNPSLRRRVTISVDTSKNQYSLTLTSVTAADTAVYYCARQIVPPTKGMDVWGQGTSVTVSS
A271_HC,EVHLVESGGGLVQPGGSLRLSCTASGFTFSSYEMNWVRQAPGKGLEWVSYISNSGTTLYYADSVKGRFTISRNNAKNSVFLQMNSLRAEDTAVYYCAMITVAGSYWGQGTLVTVSS
A010_LC,DIVMTQSPDSLAVSLGERATINCKSSQSVLYSSNNKNYLAWYQQKPGQPPKLLIYWASTRESGVPDRFSGSGSGTDFTLTISSLQAEDVAVYYCQQYYSTPWTFGQGTKVEIK
A117_LC,SSELTQDPAVSVALGQTVRITCQGDSLRTYYASWYQQKPGQAPVLVIYGKNNRPSGIPDRFSGSSSGNTASLTITGAQAEDEADYYCNSRDSSGNHLGVFGGGTKLTVL
A198_LC,DIQMTQSPSSLSASVGDRVTITCRASQSISSYLNWHQQKPGKAPNLLIYAASSLQSGVPSRFSGSGSGTDFTLTISSLQPEDSATYYCQQSYSTPLTFGQGTKVEIN
A194_LC,DIQMTQSPSSLSASVGDRVTITCQASQDISNYLNWYQQKPGKAPKLLIYDASNLETGVPSRFSGSGSGTDFTFTISSLQPEDIATYYCQQYDNLPVTFGQGTRLEIK
A198_HC,EVQLVESGGGLVEPGRSLRLSCTASGFTFGDYAMNWFRQAPGKGLEWVGFIRSKAHDGTTEYAASVKGRFTISRDDSKSIAYLQMNSLKSEDTAVYYCTRDYYDSSGPGSYYFDYWGQGTLVTVSS
A157_HC,QVQLVQSGAEVKKPGSSVKVSCKTSGGTFSTYAISWVRQAPGQGLEWMGGIKPIFGTANYAQKFQGRVTITADESTRTVYMEVSSLKSEDTAVYYCAREGAGHDYGGNPYDYWGQGTVVTVSS
A164_HC,EVQLVESGGGLVKPGGSLRLSCAASGFTFSSYSMNWVRQAPGKGLEWVSSISSSSSYIYYADSVKGRFTISRDNAKNSLYLQMNSLRAEDTAVYYCARVKAGDFYDILTGYYGTDYYYYMDVWGKGTTVTVSS
C003_HC,QVTLKESGPVLVKPTETLTLTCTVSGFSLDDTKMGVSWIRQPPGKALEWLAHIFSNFEKDYTTSLKTRLTLSRDTSKGQVVLNMTNMGPLDTGTYYCARVSVERRRGSAFDVWGQGALVSVSS
A199_LC,DIVMTQSPLSLPVTPGEPASISCRSSQSLLHSNGYNYLDWYLQKPGQSPQLLIYLGSNRASGVPDRFSGSGSGTDFTLKISRVEAEDVGVYYCMQALQTPSTFGGGTKVEIK
A183_LC,EIVLTQSPGTLSLSSGERAILSCRASQTVSSSYLAWYQQKPGQAPRLLIYGASSRATGIPDRFSGSGSGTDFTLTISRLEPEDFAVYYCQQYGSSPYTFGQGTKVQIN
A216_HC,EVQLLESGGGLVQPGGSLRLSCVASGFTFNNYAMTWVRRAPGKGLEWVSGFRISGNTYYADFVRGRFTIPKDNSKNTLYLQMNSLRAEDTAIYYCAKARDAYNFGAFDIWGQGTMVTVSS
A052_LC,DIVMTQSPDSLAVSLGERATINCKSSQSVLYSSNNNNYLAWYQQKPGQPPKLLIYWASSRESGVPDRFSGSGSGTDFTLTINSLQAEDVAIYYCQQYYSTPRTFGQGTKVEIK
A130_HC,QVQLQQWGAGLLKPSETLSLTCAVYGGSFSGYYWSWIRQPPGKGLEWIGEINHSGSTNQNPSLKSRVTVSVDTSKNQFSLKLSSVTAAADTAVYYCARGRYYYDSSGLPGPQRAFDIWGQGTMVTVSP
B007_LC,SYVLTQPPSVSVAPGKTARITCGGNNIGSNSVHWYQQKPGQAPVLVIYYDSDRPSGIPERFSGSNSGNTATLTISRVEAGDEADYYCQVWDSSSDHPWVFGGGTKLTVL
A051_HC,QVQLVQSGTEVRKPGSSVMVSCKASGDTFSNSPINWVRQAPGQGLEWLGGIVPVFQTANYAQKFQDRVTITADESTSTAYMELGSLTSEDTAVYYCAISPRGHSYGSLGVSFLFYWGQGTLITVSS
C011_HC,QVQLMQSGAEMKKPGSSVKVSCKASGGTFSNYAFSWVRQARGQGLEWMGGIIPLFGTRNYAHQFQDRVTITADASSRTVYMELSSLTSDDTAVYYCAREQKQWLASDAFDMWGQGTLVTVSS
B021_HC,QVQLVESGGGVVQPGRSLRLSCAASGFTFSSYAMHWVRQAPGKGLEWVAVISHDGSNKYYADSVKGRFTISRDNSKNTPYLQMNSLRAEDTAVYYCARGLVLGCSSTSCLEYFDYWGQGTLVTVSS
C011_LC,QLVLTQSPSASASLGASVKLTCTLSSGHSGDAVAWHQQQPEKVPRYLIKLNSDGTYTKGDGIPDRFSGSSSGAERYLTISSLQSEDEADYYCQTWNTGVVVFGGGTKLTVL
A124_HC,QVQLQQWGAGLLKPSETLSLTCAVYGGSFSGYYWSWIRQPPGKGLEWIGEINHSGSTNYNPSLKSRVTISVDTSKNQFSLKLSSVTAADTAVYYCAREVCSSTTCYTIPVDNWFDPWGQGTLVTVSS
A051_LC,ENGLTQSPGTLSLSPGESATLSCRASQSLTASSFAWYQQKPGQAPRLLIFASSSRASGTPDRFTGSGSGADSTLTISRLEPEDFAVYYCQHYGSSRSVTFGQGTRLEIK
B007_HC,EVQLVESGGGLVQPGGSLRLSCAASGFTFSTYSVNWVRQAPGKGLGWVSYISSSSSTIYYADSVKGRFTISRDNVKNSLYLQMSSLRAEDTAVYYCARVGGSYYSDYWGQGTLVTVSS
